{
  "definitions": {
    "accordion": true,
    "ad": true,
    "api": true,
    "breadcrumb": true,
    "button": true,
    "card": true,
    "checkbox": true,
    "colorize": true,
    "comment": true,
    "container": true,
    "dimmer": true,
    "divider": true,
    "dropdown": true,
    "embed": true,
    "feed": true,
    "flag": true,
    "form": true,
    "grid": true,
    "header": true,
    "icon": true,
    "image": true,
    "input": true,
    "item": true,
    "label": true,
    "list": true,
    "loader": true,
    "menu": true,
    "message": true,
    "modal": true,
    "nag": true,
    "popup": true,
    "progress": true,
    "rail": true,
    "rating": true,
    "reset": true,
    "reveal": true,
    "search": true,
    "segment": true,
    "shape": true,
    "sidebar": true,
    "site": true,
    "state": true,
    "statistic": true,
    "step": true,
    "sticky": true,
    "tab": true,
    "table": true,
    "transition": true,
    "visibility": true,
    "visit": true
  },
  "themes": {
    "amazon": false,
    "basic": false,
    "bookish": false,
    "bootstrap3": false,
    "chubby": false,
    "classic": false,
    "colored": false,
    "default": true,
    "duo": false,
    "fixed": false,
    "flat": true,
    "github": false,
    "gmail": false,
    "instagram": false,
    "material": true,
    "pulsar": false,
    "raised": false,
    "resetcss": false,
    "round": false,
    "rtl": false,
    "striped": false,
    "timeline": false,
    "twitter": false
  }
}